{"cameraMode":{"drawMode":0,"name":"Shaded","section":"Shading Mode"},"sceneLighting":false,"audioPlay":false,"sceneViewState":{"showFog":true,"showMaterialUpdate":false,"showSkybox":false,"showFlares":true,"showImageEffects":true,"showParticleSystems":true},"in2DMode":false,"pivot":{"x":-0.0020000040531158449,"y":-0.6610000133514404,"z":1.2680000066757203},"rotation":{"x":-0.19833415746688844,"y":0.03791788965463638,"z":-0.007678824942559004,"w":-0.979370653629303},"size":1.6458956003189088,"orthographic":false}